datasetid,datasettypeid.x,taxonname,variableunits,variablecontext,elementtype,databaseid,recdatecreated.x,recdatemodified.x,databasename,contactid,url,recdatecreated.y,recdatemodified.y,description,datasettype,recdatecreated.x.x,recdatemodified.x.x,collectionunitid,datasettypeid.y,datasetname,notes.x,recdatecreated.y.y,recdatemodified.y.y,embargoid,handle,siteid,colltypeid,depenvtid,collunitname,colldate,colldevice,gpslatitude,gpslongitude,gpsaltitude,gpserror,waterdepth,substrateid,slopeaspect,slopeangle,location,notes.y,recdatecreated.x.x.x,recdatemodified.x.x.x,sitename,longitudeeast,latitudesouth,altitude,area,sitedescription,notes,recdatecreated.y.y.y,recdatemodified.y.y.y,geog,geometry
52952,3,Charcoal,NISP,,>100 µm,3,2022-03-04T07:20:36.000Z,2022-03-04T07:20:36.000Z,European Pollen Database,NA,https://epdweblog.org/,2013-09-30T14:02:35.000Z,2024-06-05T00:01:30.000Z,NA,pollen,2013-09-30T14:02:44.000Z,2013-09-30T14:02:44.000Z,38386,3,EPD E# 2784,"Data contributed by Alinehad, K. to the EPD/Neotoma.",2022-03-04T07:20:31.000Z,2022-03-04T07:23:18.000Z,NA,NEORB,28388,3,19,Neor core B,2008-09-01T00:00:00.000Z,Russian split‐borer,NA,NA,NA,NA,NA,NA,NA,NA,SW of Neor in he wetland,Local vegetation: peatland.,2022-03-04T07:20:15.000Z,2022-03-04T07:20:15.000Z,Lake Neor,48.5633333333333,37.9916666666667,2485,NA,Lake. Physiography: tectonic basin. Surrounding vegetation: peat land and thorn-cushion steppe vegetation.,NA,2022-03-04T07:20:11.000Z,2026-04-22T11:27:38.000Z,0101000020E6100000E3B4814E1B484840F4EEEEEEEEFE4240,"c(48.5633333333333, 37.9916666666667)"
48874,36,Charcoal,NISP,number,>100 µm,2,2021-01-14T13:04:57.000Z,2021-01-14T13:04:57.000Z,African Pollen Database,6414,https://africanpollendatabase.ipsl.fr/#/home,2013-09-30T14:02:35.000Z,2023-04-11T18:59:59.000Z,NA,microcharcoal,2019-12-09T20:41:26.000Z,2019-12-09T20:41:26.000Z,35181,36,NA,NA,2021-01-14T13:04:44.000Z,2021-01-14T13:04:44.000Z,NA,VVV16,26668,3,61,VVV16,2016-09-01T00:00:00.000Z,Piston corer,-34.013,22.904,NA,NA,NA,34,NA,NA,NA,"The sediment cores VVV16-4 and VVV16-1-1-1/2 (34°0’46.8’’ S, 22°54’14.4’’ E) were both recovered using a UWITEC piston corer with final lengths of 55, 67 and 57 cm respectively. This part of the VVV16 sequence equates to a composite sediment depth of 222 cm with a ~25 cm gap between VVV16-4 and VVV16-1-1-1.",2021-01-13T21:54:10.000Z,2021-01-13T21:54:10.000Z,Vankervelsvlei,22.90651,-34.01494,115,230666.710626364,"Vankervelsvlei is situated on the landward edge of the Wilderness embayment.
The wetland is a ~0.5 km2 irregularshaped depression surrounded by a lithified aeolian barrier dune. Vankervelsvlei most probably originated as an openwater nearcoastal
back barrier lake formed behind the Landward barrier at some point after the dune's stabilisation within MIS 9 e MIS7 and persisted as a doline in response to solution of interstitial calcium carbonate (Irving and Meadows, 1997). The  epression filled over time with the  ccumulation of organic material and variations in the amount and type of aquatic vegetation growing in and around the water body. There is no open water currently present as the surface of the wetland is completely covered by a dense mat of Cyperaceous vegetation extending to a depth of roughly two metres below the surface (Irving, 1998). Vankervelsvlei is an ombrotrophic system with no surface inflows or outlets and is fed exclusively by rainfall. As the wetland is currently located within the year round rainfall zone and receives a total average amount of 900 mm y-1, it is continually recharged.",NA,2020-01-30T09:28:23.000Z,2026-04-22T11:27:38.000Z,0103000020E610000001000000050000001F85EB51B8E636407DB3CD8DE90141C0397F130A11E836407DB3CD8DE90141C0397F130A11E836400CB08F4E5D0141C01F85EB51B8E636400CB08F4E5D0141C01F85EB51B8E636407DB3CD8DE90141C0,"c(22.90125, -34.01066)"
46712,36,Charcoal,number,,>100 µm,2,2020-01-30T14:51:17.000Z,2020-01-30T14:51:17.000Z,African Pollen Database,6414,https://africanpollendatabase.ipsl.fr/#/home,2013-09-30T14:02:35.000Z,2023-04-11T18:59:59.000Z,NA,microcharcoal,2019-12-09T20:41:26.000Z,2019-12-09T20:41:26.000Z,33336,36,NA,NA,2020-01-30T14:51:13.000Z,2020-01-30T14:51:13.000Z,NA,RVSB,26669,3,60,RVSB2,2007-01-01T00:00:00.000Z,Vibracorer,-34.35415,21.53545,NA,NA,NA,38,NA,NA,NA,NA,2020-01-30T13:00:26.000Z,2025-02-26T16:57:17.000Z,Rietvlei-Still Bay,21.53545,-34.35415,-3,NA,"The sediment core analysed for this study was extracted from Rietvlei, an elongated
wetland (approximately 3.5km long and 100m wide) situated on the Riversdale Plain about 8 km east of the town of Still Bay.",NA,2020-01-30T13:00:24.000Z,2026-04-22T11:27:38.000Z,0101000020E6100000A9A44E40138935406FF085C9542D41C0,"c(21.53545, -34.35415)"
47972,36,Charcoal,number,,>100 µm,2,2020-06-10T07:50:43.000Z,2020-06-10T07:50:43.000Z,African Pollen Database,6414,https://africanpollendatabase.ipsl.fr/#/home,2013-09-30T14:02:35.000Z,2023-04-11T18:59:59.000Z,NA,microcharcoal,2019-12-09T20:41:26.000Z,2019-12-09T20:41:26.000Z,34439,36,EV13 Microcharcoal,NA,2020-06-10T07:50:36.000Z,2020-06-10T07:50:36.000Z,NA,EV13,27168,3,24,EV13,2013-10-01T00:00:00.000Z,Uwitec Piston Corer,-33.9953183333333,22.64005,2,NA,6,38,NA,NA,NA,"EV13 data is derived from a 30.5-m composite sediment core extracted from the coastal lake Eilandvlei, situated within the Wilderness Embayment.",2020-06-10T07:50:11.000Z,2020-06-10T07:50:11.000Z,Eilandvlei,22.64707,-33.99883,-18,1299561.81241894,Eilandvlei is the westernmost lake within the Wilderness Embayment and owes its name to the aeolianite island near the centre.,NA,2020-06-10T07:50:07.000Z,2026-04-22T11:27:38.000Z,0103000020E61000000100000005000000A69BC420B0A23640C02154A9D9FF40C004392861A6A53640C02154A9D9FF40C004392861A6A536408A592F8672FE40C0A69BC420B0A236408A592F8672FE40C0A69BC420B0A23640C02154A9D9FF40C0,"c(22.6355, -33.98787)"
49977,16,Charcoal,number,,>100 µm,2,2021-06-26T17:43:27.000Z,2021-06-26T17:43:27.000Z,African Pollen Database,6414,https://africanpollendatabase.ipsl.fr/#/home,2013-09-30T14:02:35.000Z,2023-04-11T18:59:59.000Z,NA,charcoal,2013-09-30T14:02:44.000Z,2013-09-30T14:02:44.000Z,35933,16,PB Microcharcoal dataset,NA,2021-06-26T17:43:16.000Z,2021-06-26T17:43:16.000Z,NA,PB1,27699,3,60,PB1,2007-01-01T00:00:00.000Z,Vibracorer,-34.648,19.505,5,NA,NA,39,NA,NA,NA,"Vibracore was taken by BM Chase, with assistance from
Rachid Cheddadi and Graciela Gil-Romera.",2021-06-26T17:42:35.000Z,2021-06-26T17:42:35.000Z,Pearly Beach,19.505,-34.648,13,NA,"The Pearly Beach wetland complex is situated on a low-lying undulating coastal plain that is bounded to the north by Bredasdorp Group limestone (calcarenite) ridges and Table Mountain Group sandstone outcrops of the Peninsula Formation (Malan 1990)

In 2007, a sediment core (Pearly Beach 1 -PB1), was extracted from wetlands 2 km north of the coastal town of Pearly Beach, ~200 km southeast of Cape Town.

 - taken from Quick et al. (2021).",NA,2021-06-26T17:42:28.000Z,2026-04-22T11:27:38.000Z,0101000020E6100000E17A14AE478133406DE7FBA9F15241C0,"c(19.505, -34.648)"
59360,3,Charcoal,number,,>100 µm,2,2024-07-12T20:38:39.000Z,2024-07-12T20:38:39.000Z,African Pollen Database,6414,https://africanpollendatabase.ipsl.fr/#/home,2013-09-30T14:02:35.000Z,2023-04-11T18:59:59.000Z,NA,pollen,2013-09-30T14:02:44.000Z,2013-09-30T14:02:44.000Z,42899,3,BK-2-2 Pollen & NPPs & Microcharcoal,NA,2024-07-12T20:38:24.000Z,2024-07-12T20:38:24.000Z,NA,BK-2-2,31406,1,165,Baviaanskloof-2-2,NA,NA,-33.53,23.76,800,NA,NA,NA,NA,NA,NA,Hyrax midden,2024-07-12T20:38:05.000Z,2024-07-12T20:38:05.000Z,Baviaanskloof,23.76,-33.53,918,NA,"The Baviaanskloof is a narrow ~70 km-long, fault-bounded valley situated ~55 km to the north of the coast between the east-west running Baviaanskloof and Kouga mountain ranges. ",NA,2024-07-12T20:37:59.000Z,2026-04-22T11:27:38.000Z,0101000020E6100000C3F5285C8FC23740A4703D0AD7C340C0,"c(23.76, -33.53)"
61818,16,Charcoal,number,,>100 µm,3,2025-02-16T22:40:47.000Z,2025-02-16T22:40:47.000Z,European Pollen Database,NA,https://epdweblog.org/,2013-09-30T14:02:35.000Z,2024-06-05T00:01:30.000Z,NA,charcoal,2013-09-30T14:02:44.000Z,2013-09-30T14:02:44.000Z,44890,16,Brezoso macroscopic charcoal,Sieving through a 100-micron mesh,2025-02-16T22:40:45.000Z,2025-02-16T22:40:45.000Z,NA,BREZOSO,33148,3,71,Brezoso,2014-04-01T00:00:00.000Z,Russian peat corer,NA,NA,NA,NA,NA,162,NA,NA,Undisturbed area,NA,2025-02-16T22:18:10.000Z,2025-02-16T22:18:10.000Z,El Brezoso,-4.36194444444444,39.3486111111111,730,1.5,"Mid-sized mire located on a valley bottom. The local vegetation consists of dense thickets of Myrica gale with Carex paniculata, Erica tetralix and Molinia caerulea. Overall, hygrophilous Erica tetralix-dominated heathlands are the most widespread community on the mire. Outside the mires, the El Brezoso valley bottom is covered with an open Quercus pyrenaica woodland. On the adjacent slopes, open woodland with Quercus rotundifolia and Quercus faginea broteroi prevails. ",NA,2025-02-16T22:18:06.000Z,2026-04-22T11:27:38.000Z,0101000020E6100000586E7F90A17211C0489FF4499FAC4340,"c(-4.36194444444444, 39.3486111111111)"
61822,16,Charcoal,number,,>100 µm,3,2025-02-17T11:22:18.000Z,2025-02-17T11:22:18.000Z,European Pollen Database,NA,https://epdweblog.org/,2013-09-30T14:02:35.000Z,2024-06-05T00:01:30.000Z,NA,charcoal,2013-09-30T14:02:44.000Z,2013-09-30T14:02:44.000Z,44891,16,Las Vinuelas macroscopic charcoal,NA,2025-02-17T11:22:15.000Z,2025-02-17T11:22:15.000Z,NA,VINUELAS,33149,3,71,Vinuelas,2015-01-02T00:00:00.000Z,Russian peat corer,NA,NA,NA,NA,NA,162,NA,NA,Undisturbed area of the mire,NA,2025-02-16T23:52:22.000Z,2025-02-16T23:52:22.000Z,Las Viñuelas,-4.48833333333333,39.3744444444444,750,0.06,"Mire located on a valley bottom within a relatively closed Quercus pyrenaica woodland. Locally, the vegetation is dominated by Molinia caerulea, Erica tetralix, Calluna vulgaris, Carex spp., Juncus spp. and Sphagnum spp.",NA,2025-02-16T23:52:19.000Z,2026-04-22T11:27:38.000Z,0101000020E610000070DA40A70DF411C05F87A9CBEDAF4340,"c(-4.48833333333333, 39.3744444444444)"
49523,3,Charcoal,NISP,,>125 µm,3,2021-06-07T12:06:42.000Z,2021-06-07T12:06:42.000Z,European Pollen Database,NA,https://epdweblog.org/,2013-09-30T14:02:35.000Z,2024-06-05T00:01:30.000Z,NA,pollen,2013-09-30T14:02:44.000Z,2013-09-30T14:02:44.000Z,35532,3,EPD E# 2582,"Data submitted by Mensing, S.A. to the EPD.",2021-06-07T12:06:28.000Z,2021-06-07T12:06:28.000Z,NA,LLUNGO,27565,3,19,"LUN12-2B,LUN09,LUN12-2C,surfac",2009-01-01T00:00:00.000Z,hand square-rod Livingstone,NA,NA,NA,NA,NA,NA,NA,NA,center of the lake (water depth = 4.2m),Local vegetation: Phragmites in border of lake.,2021-06-07T12:06:10.000Z,2021-06-07T12:06:10.000Z,Lago Lungo,12.8472222222222,42.4755555555556,360,NA,Lake. Physiography: basin drained by Velino river. Surrounding vegetation: agriculture and forest.,composit cores taken in 2009 and 2012 from a floating platform,2021-06-07T12:06:08.000Z,2026-04-22T11:27:38.000Z,0101000020E610000010C7711CC7B129406E452301DF3C4540,"c(12.8472222222222, 42.4755555555556)"
53188,3,Charcoal,NISP,,>125 µm,3,2022-04-12T08:00:45.000Z,2022-04-12T08:00:45.000Z,European Pollen Database,NA,https://epdweblog.org/,2013-09-30T14:02:35.000Z,2024-06-05T00:01:30.000Z,NA,pollen,2013-09-30T14:02:44.000Z,2013-09-30T14:02:44.000Z,38520,3,EPD E# 2847,"Data contributed by Vignola, C. to the EPD/Neotoma.",2022-04-12T08:00:38.000Z,2022-04-12T09:01:10.000Z,NA,LERNA16,15841,3,52,LERNA16 core,2016-12-01T00:00:00.000Z,hand-operated Russian corer (4.5cm),NA,NA,NA,NA,NA,NA,NA,NA,in the Argive Plain,"Local vegetation: Phragmites, Arundo, herbs, Cadium.",2022-04-12T08:00:24.000Z,2022-04-12T08:00:24.000Z,Lake Lerna,22.72985,37.57649,6,87925.3515319824,"Ancient lake in wetland. Physiography: Coastal plain in tectonic depression. Surrounding vegetation: Olea, Pistacia, Quercus coccifera.",NA,2018-01-15T13:33:36.000Z,2026-04-22T11:27:38.000Z,0103000020E610000001000000050000009981CAF8F7B936404B3CA06CCAC9424050FC1873D7BA36404B3CA06CCAC9424050FC1873D7BA3640D23AAA9A20CA42409981CAF8F7B93640D23AAA9A20CA42409981CAF8F7B936404B3CA06CCAC94240,"c(22.72644, 37.57912)"
59850,36,Charcoal,NISP,,>125 µm,2,2024-08-28T15:54:20.000Z,2024-08-28T15:54:20.000Z,African Pollen Database,6414,https://africanpollendatabase.ipsl.fr/#/home,2013-09-30T14:02:35.000Z,2023-04-11T18:59:59.000Z,NA,microcharcoal,2019-12-09T20:41:26.000Z,2019-12-09T20:41:26.000Z,43341,36,NA,NA,2024-08-28T15:54:19.000Z,2024-08-28T15:54:19.000Z,NA,SWM-SB,31737,3,24,SIB [SWM-SB-1]*,2008-01-01T00:00:00.000Z,"hand-held, gravity-driven piston corer using a modified Kullenberg design/aluminum pipe (by hand)",-27.3441667,32.6121667,20,NA,16,38,NA,NA,NA,"two overlaping sections; Savanna vegetation (bushveld) : Poaceae, Combretum spp., Sclerocarya birrea, Euphorbia ingens, Aloe spp., Acacia karoo and Spirostachys africana",2024-08-28T15:54:12.000Z,2024-08-28T15:54:12.000Z,Sibaya,32.6121667,-27.3441667,20,NA,NA,"Maputaland, on the Makhathini Flats of northern KwaZulu-Natal",2024-08-28T15:54:10.000Z,2026-04-22T11:27:38.000Z,0101000020E6100000A2197A7A5B4E40404BDF104F1B583BC0,"c(32.6121667, -27.3441667)"
48943,16,Charcoal,particles/ml,,>5 µm,3,2021-02-17T12:03:07.000Z,2021-02-17T12:03:07.000Z,European Pollen Database,NA,https://epdweblog.org/,2013-09-30T14:02:35.000Z,2024-06-05T00:01:30.000Z,NA,charcoal,2013-09-30T14:02:44.000Z,2013-09-30T14:02:44.000Z,35216,16,BXBX charcoal E#2757,NA,2021-02-17T12:03:04.000Z,2021-02-17T12:03:04.000Z,NA,BXBX,27332,3,46,Barbaroxa de Baixo,2010-10-27T00:00:00.000Z,Livingstone and Kajak corers,NA,NA,NA,NA,0.4,14,NA,NA,Area of open water (devoid of Cladium),The dataset combines samples from two cores (Kajak short core and Livingstone long core). Depths are given relative to the water level at the time of coring. Subtract 40cm from all depths to obtain depths below sediment surface.,2021-02-17T11:46:00.000Z,2021-02-17T11:46:00.000Z,Barbaroxa de Baixo,-8.809828,38.079051,8,NA,Interdunal wetland near Monte Velho beach on the Alentejo coast of Portugal. Wetland vegetation dominated by Cladium mariscus.,"Barbaroxa de Baixo is the northernmost of the three ""Barbaroxa"" or ""Barbarroxa"" wetlands and is the only one with sealed road access.",2021-02-17T11:45:56.000Z,2026-04-22T11:27:38.000Z,0101000020E61000002AC58EC6A19E21C0A9DBD9571E0A4340,"c(-8.809828, 38.079051)"
49204,3,Charcoal,NISP,,>50 µm,3,2021-04-06T12:02:09.000Z,2021-04-06T12:02:09.000Z,European Pollen Database,NA,https://epdweblog.org/,2013-09-30T14:02:35.000Z,2024-06-05T00:01:30.000Z,NA,pollen,2013-09-30T14:02:44.000Z,2013-09-30T14:02:44.000Z,35346,3,EPD E# 2618,"Data contributed by Woodbridge, J. to the EPD.",2021-04-06T12:02:05.000Z,2021-04-06T12:02:05.000Z,NA,GADOR,27407,3,19,Gádor,NA,Piston sampler (6cm),NA,NA,NA,NA,NA,NA,NA,NA,Central part of the dry depression,Local vegetation: herb and shrubs. Uppermost 20 cm removed.,2021-04-06T12:01:53.000Z,2021-04-06T12:01:53.000Z,Sierra de Gádor,-2.905,36.93159,1594,NA,"Small lacustrine deposit. Physiography: basin in calcareous mountain. Surrounding vegetation: Berneris,Juniperus,Crataegus,Quercus....",NA,2021-04-06T12:01:51.000Z,2026-04-22T11:27:38.000Z,0101000020E61000003D0AD7A3703D07C0ECA353573E774240,"c(-2.905, 36.93159)"
59856,36,Charcoal,NISP,,>50 µm,2,2024-08-28T16:39:25.000Z,2024-08-28T16:39:25.000Z,African Pollen Database,6414,https://africanpollendatabase.ipsl.fr/#/home,2013-09-30T14:02:35.000Z,2023-04-11T18:59:59.000Z,NA,microcharcoal,2019-12-09T20:41:26.000Z,2019-12-09T20:41:26.000Z,43343,36,NA,NA,2024-08-28T16:39:23.000Z,2024-08-28T16:39:23.000Z,NA,PRINCESS,31739,3,24,PRINCESS,1948-10-29T00:00:00.000Z,Dachnowsky corer,-34.045889,18.485097,7,NA,NA,38,NA,NA,NA,Proteaceae and Restionaceae with ericaceous and asteraceous fynbos,2024-08-28T16:39:18.000Z,2024-09-04T19:36:27.000Z,Princess Vlei,18.485097,-34.045889,7,35,coastal Cape Flats/Diep River lake and swamp system. freshwater lake,NA,2024-08-28T16:39:16.000Z,2026-04-22T11:27:38.000Z,0101000020E6100000416326512F7C3240821FD5B0DF0541C0,"c(18.485097, -34.045889)"
59882,36,Charcoal,NISP,,>50 µm,2,2024-08-30T19:52:47.000Z,2024-08-30T19:52:47.000Z,African Pollen Database,6414,https://africanpollendatabase.ipsl.fr/#/home,2013-09-30T14:02:35.000Z,2023-04-11T18:59:59.000Z,NA,microcharcoal,2019-12-09T20:41:26.000Z,2019-12-09T20:41:26.000Z,43356,36,NA,NA,2024-08-30T19:52:46.000Z,2024-08-30T19:52:46.000Z,NA,TSWAING2,31750,3,137,TSWAING2,2000-01-01T00:00:00.000Z,drill rig,-25.408213,28.081912,1085,NA,NA,NA,NA,NA,NA,NA,2024-08-30T19:52:40.000Z,2024-08-30T19:52:40.000Z,Tswaing Crater,28.081912,-25.408213,1085,NA,Central Sandy Bushveld (SVcb 12) close to the Sprinbokvlakte Thornveld (SVcb 15) boundary,circular crater 1130 m in diameter,2024-08-30T19:52:38.000Z,2026-04-22T11:27:38.000Z,0101000020E61000006326512FF8143C4053CDACA5806839C0,"c(28.081912, -25.408213)"
59853,36,Charcoal,NISP,,50-100 µm,2,2024-08-28T16:31:57.000Z,2024-08-28T16:31:57.000Z,African Pollen Database,6414,https://africanpollendatabase.ipsl.fr/#/home,2013-09-30T14:02:35.000Z,2023-04-11T18:59:59.000Z,NA,microcharcoal,2019-12-09T20:41:26.000Z,2019-12-09T20:41:26.000Z,43342,36,NA,NA,2024-08-28T16:31:55.000Z,2024-08-28T16:31:55.000Z,NA,BRAAMHOEK,31738,3,59,AH1,2007-01-01T00:00:00.000Z,vibracorer,-28.2333333,29.5833333,1259,NA,NA,37,NA,NA,NA,NA,2024-08-28T16:31:50.000Z,2024-08-28T16:31:50.000Z,Braamhoek,29.5833333,-28.2333333,1259,NA,Approximately 2 km south-east of the wetland is the major Drakensberg escarpment,permanent wetland,2024-08-28T16:31:47.000Z,2026-04-22T11:27:38.000Z,0101000020E6100000F22AC65455953D4059912CBBBB3B3CC0,"c(29.5833333, -28.2333333)"
52250,3,Charcoal,NISP,,concentration,3,2021-11-30T14:06:35.000Z,2021-11-30T14:06:35.000Z,European Pollen Database,NA,https://epdweblog.org/,2013-09-30T14:02:35.000Z,2024-06-05T00:01:30.000Z,NA,pollen,2013-09-30T14:02:44.000Z,2013-09-30T14:02:44.000Z,38012,3,EPD E# 2742,"Data contributed by Woodbridge, J. to the EPD.",2021-11-30T14:06:33.000Z,2021-11-30T14:10:21.000Z,NA,NAR0102,28154,3,19,NAR01/02 core,2001-01-01T00:00:00.000Z,Livingstone corer,NA,NA,NA,NA,26,NA,NA,NA,deepest part of the lake (water depth = 26m),Local vegetation: water.,2021-11-30T14:06:24.000Z,2021-11-30T14:06:24.000Z,Nar Gölü,34.4563888888889,38.34,1377,NA,Lake. Physiography: crater lake in mountain. Surrounding vegetation: steppe-forest and arable farming.,Archaeological sites around.,2021-11-30T14:06:21.000Z,2026-04-22T11:27:38.000Z,0101000020E61000008F047CF36A3A4140EC51B81E852B4340,"c(34.4563888888889, 38.34)"
55685,3,Charcoal,particles/cm^3,,concentration,3,2022-12-01T19:39:14.000Z,2022-12-01T19:39:14.000Z,European Pollen Database,NA,https://epdweblog.org/,2013-09-30T14:02:35.000Z,2024-06-05T00:01:30.000Z,NA,pollen,2013-09-30T14:02:44.000Z,2013-09-30T14:02:44.000Z,39923,3,EPD PNL,"Data contributed by Homami Totmaj, L. to the EPD/Neotoma.",2022-12-01T19:39:11.000Z,2022-12-01T19:39:11.000Z,NA,PNL,29270,3,61,Pounel (PNL)  core,2016-09-01T00:00:00.000Z,"Russian corer. 50 cm length, 5 cm diameter",NA,NA,NA,NA,NA,NA,NA,NA,in the mire,Local vegetation: Cyperaceae.,2022-12-01T19:38:59.000Z,2022-12-01T19:38:59.000Z,Pounel mire,48.6794444444444,37.5677777777778,2277,NA,"Mire. Physiography: smalll basin near Pounel-Khalkhal road. Surrounding vegetation: Poaceae, Asteraceae, Amaranthaceae and Artemisia.",NA,2022-12-01T19:38:56.000Z,2026-04-22T11:27:38.000Z,0101000020E6100000362B1A09F8564840C17935F1ACC84240,"c(48.6794444444444, 37.5677777777778)"
55681,3,Charcoal,particles/cm^3,,concentration,3,2022-12-01T10:05:53.000Z,2022-12-01T10:05:53.000Z,European Pollen Database,NA,https://epdweblog.org/,2013-09-30T14:02:35.000Z,2024-06-05T00:01:30.000Z,NA,pollen,2013-09-30T14:02:44.000Z,2013-09-30T14:02:44.000Z,39921,3,ANL EPD/Neotoma,"Data contributed by Homami Totmaj, L. to the EPD/Neotoma.",2022-12-01T10:05:48.000Z,2022-12-01T10:05:48.000Z,NA,ANL,29268,3,19,ANL core,2018-09-01T00:00:00.000Z,Livingstone corer,NA,NA,NA,NA,2,NA,NA,NA,center of the lake,Local vegetation: water.,2022-12-01T10:05:36.000Z,2022-12-01T10:05:36.000Z,Annal Lake,48.8872222222222,37.5291666666667,696,NA,"Small lake. Physiography: little basin. Surrounding vegetation: Carpinus betulus, Carpinus orientalis, Quercus castaneifolia,
Juglans regia, Cydonia oblonga, Zelkova carpinifolia and Crataegus pentagyna.",NA,2022-12-01T10:05:32.000Z,2026-04-22T11:27:38.000Z,0101000020E6100000495D6E7F90714840C0BBBBBBBBC34240,"c(48.8872222222222, 37.5291666666667)"
55683,3,Charcoal,particles/cm^3,,concentration,3,2022-12-01T10:54:56.000Z,2022-12-01T10:54:56.000Z,European Pollen Database,NA,https://epdweblog.org/,2013-09-30T14:02:35.000Z,2024-06-05T00:01:30.000Z,NA,pollen,2013-09-30T14:02:44.000Z,2013-09-30T14:02:44.000Z,39922,3,KHL EPD/Neotoma,"Data contributed by Homami Totmaj, L. to the EPD/Neotoma.",2022-12-01T10:54:51.000Z,2022-12-01T10:54:51.000Z,NA,KHL,29269,3,19,Kholash-Kouh (KHL) core,2018-09-01T00:00:00.000Z,modified Livingstone corer,NA,NA,NA,NA,3,NA,NA,NA,NW of the lake,Local vegetation: water.,2022-12-01T10:54:39.000Z,2022-12-01T10:54:39.000Z,Kholash-Kouh Lake,49.8952777777778,36.7619444444444,1992,NA,"Lake. Physiography: in old terraces on top of mountain. Surrounding vegetation: Artemisia, Amaranthaceae and Poaceae. Vegetation formation: above the tree line in SE  part of the Gilan.",NA,2022-12-01T10:54:37.000Z,2026-04-22T11:27:38.000Z,0101000020E61000001332547698F24840F920436587614240,"c(49.8952777777778, 36.7619444444444)"
57629,39,Charcoal,NISP,,counted,39,2023-08-12T19:31:15.000Z,2023-08-12T19:31:15.000Z,Marine Dinoflagellates Database,17385,NA,2021-11-17T23:48:31.000Z,2021-11-17T23:48:31.000Z,NA,dinoflagellates,2022-01-26T17:42:10.000Z,2022-01-26T17:42:10.000Z,41541,39,NA,NA,2023-08-12T19:31:13.000Z,2023-08-12T19:31:13.000Z,NA,GEOB7625-2,30432,3,51,GeoB 7625-2,NA,Gravity corer,NA,NA,NA,NA,1242,NA,NA,NA,NA,NA,2023-08-12T19:31:11.000Z,2023-08-12T19:31:11.000Z,GeoB7625-2,31.06667,41.445,-1204,NA,NA,NA,2023-08-12T19:31:07.000Z,2026-04-22T11:27:38.000Z,0101000020E6100000D39FFD4811113F40295C8FC2F5B84440,"c(31.06667, 41.445)"
24030,3,Charcoal,NISP,,fragment,3,2017-11-21T16:27:25.000Z,2017-11-21T16:27:25.000Z,European Pollen Database,NA,https://epdweblog.org/,2013-09-30T14:02:35.000Z,2024-06-05T00:01:30.000Z,NA,pollen,2013-09-30T14:02:44.000Z,2013-09-30T14:02:44.000Z,17633,3,EPD E# 2165,"Data contributed by Tonkov, S.",2017-11-21T16:27:12.000Z,2017-11-21T16:27:12.000Z,NA,BLATISTO,15678,3,19,Blatisto,NA,Streif corer,NA,NA,NA,NA,4,NA,NA,NA,central part of the lake,Local vegetation: Sphagnum island.,2017-11-21T16:26:55.000Z,2017-11-21T16:26:55.000Z,Lake Blatisto,24.6789,41.62059,1518,21726.2781196833,"Lake. Physiography: Swampy terraces in Rhodopes mountains. Surrounding vegetation: Grazing and cultivated field. Vegetation formation: Coniferous belt (Abies,Pinus, Juniperus).",NA,2017-11-21T16:26:53.000Z,2026-04-22T11:27:38.000Z,0103000020E61000000100000005000000DA8F149161AD3840C11C3D7E6FCF44402041F163CCAD3840C11C3D7E6FCF44402041F163CCAD3840C190D5AD9ECF4440DA8F149161AD3840C190D5AD9ECF4440DA8F149161AD3840C11C3D7E6FCF4440,"c(24.67727, 41.62203)"
41205,3,Charcoal,NISP,,fragment,3,2019-02-11T12:57:22.000Z,2019-02-11T12:57:22.000Z,European Pollen Database,NA,https://epdweblog.org/,2013-09-30T14:02:35.000Z,2024-06-05T00:01:30.000Z,NA,pollen,2013-09-30T14:02:44.000Z,2013-09-30T14:02:44.000Z,28524,3,EPD E# 1576,Data contributed by Djamali Morteza to the EPD.,2019-02-11T12:57:10.000Z,2019-02-11T12:57:10.000Z,NA,BM1,23788,3,67,core BM1,2008-01-01T00:00:00.000Z,percussion corer (Beretta),NA,NA,NA,NA,NA,NA,NA,NA,NA,Local vegetation: herb.,2019-02-11T12:56:53.000Z,2019-02-11T12:56:53.000Z,Burmarrad ria,14.414444,35.935,6,NA,Mire. Physiography: Floodplain. Surrounding vegetation: Cultivated fields. Vegetation formation: Thermo-Mediteranean belt.,NA,2019-02-11T12:56:51.000Z,2026-04-22T11:27:38.000Z,0101000020E6100000FE0B040132D42C4048E17A14AEF74140,"c(14.414444, 35.935)"
41623,3,Charcoal,NISP,,fragment,3,2019-04-03T09:03:47.000Z,2019-04-03T09:03:47.000Z,European Pollen Database,NA,https://epdweblog.org/,2013-09-30T14:02:35.000Z,2024-06-05T00:01:30.000Z,NA,pollen,2013-09-30T14:02:44.000Z,2013-09-30T14:02:44.000Z,28745,3,EPD E# 1557,Data contributed by López-Sáez José Antonio to the EPD.,2019-04-03T09:03:37.000Z,2019-04-03T09:03:37.000Z,NA,CASILLAS,23948,3,62,NA,NA,NA,NA,NA,NA,NA,NA,NA,NA,NA,North-Est of Casillas village,NA,2019-04-03T09:03:34.000Z,2019-04-03T09:03:34.000Z,Puerto de Casillas,-4.568889,40.333056,1194,NA,Peat. Physiography: Mountain. Surrounding vegetation: Forests.,NA,2019-04-03T09:03:32.000Z,2026-04-22T11:27:38.000Z,0101000020E6100000723788D68A4612C048DE3994A12A4440,"c(-4.568889, 40.333056)"
42419,3,Charcoal,NISP,,fragment,3,2019-05-06T08:11:40.000Z,2019-05-06T08:11:40.000Z,European Pollen Database,NA,https://epdweblog.org/,2013-09-30T14:02:35.000Z,2024-06-05T00:01:30.000Z,NA,pollen,2013-09-30T14:02:44.000Z,2013-09-30T14:02:44.000Z,29487,3,EPD E# 1045,Data contributed by Djamali Morteza to the EPD.,2019-05-06T08:11:09.000Z,2019-05-06T08:11:09.000Z,NA,BH2,24174,3,40,core BH2,2000-01-01T00:00:00.000Z,Dutch Piezo Cone,NA,NA,NA,NA,1.2,NA,NA,NA,centre of the lake,Local vegetation: Halophilous vegetation (Chenopodiaceae). Lake Urmia II is different from Lake Urmia (Bottema).,2019-05-06T08:10:26.000Z,2019-05-06T08:10:26.000Z,Lake Urmia II,45.3758333333333,37.7936111111111,1271,NA,"Hyppersaline (>200g/l) lake.
Physiography: subsiding tectonic basin. Surrounding vegetation: Artemisia steppe (A. fragrans).",Lake Urmia II is different from Lake Urmia (Bottema),2019-05-06T08:10:21.000Z,2026-04-22T11:27:38.000Z,0101000020E6100000E3B4814E1BB0464071FB830C95E54240,"c(45.3758333333333, 37.7936111111111)"
42421,3,Charcoal,NISP,,fragment,3,2019-05-06T09:28:48.000Z,2019-05-06T09:28:48.000Z,European Pollen Database,NA,https://epdweblog.org/,2013-09-30T14:02:35.000Z,2024-06-05T00:01:30.000Z,NA,pollen,2013-09-30T14:02:44.000Z,2013-09-30T14:02:44.000Z,29488,3,EPD E# 1463,Data contributed by Morteza Djamali to the EPD.,2019-05-06T09:28:13.000Z,2019-05-06T09:28:13.000Z,NA,ALMALOU3,24175,3,62,core AL3,2006-09-01T00:00:00.000Z,Russian borer,NA,NA,NA,NA,NA,NA,NA,NA,marginal part of the site,"Local vegetation: Cyperaceae, Poaceae, mosses.",2019-05-06T09:27:42.000Z,2019-05-06T09:27:42.000Z,Lake Almalou,46.631944,37.665278,2405,NA,Peat bog. Physiography: Volcanic crater wetland complex. Surrounding vegetation: Cultivated fields.,NA,2019-05-06T09:27:39.000Z,2026-04-22T11:27:38.000Z,0101000020E6100000A3737E8AE3504740C85F5AD427D54240,"c(46.631944, 37.665278)"
45186,3,Charcoal,NISP,,fragment,3,2019-07-26T06:40:03.000Z,2019-07-26T06:40:03.000Z,European Pollen Database,NA,https://epdweblog.org/,2013-09-30T14:02:35.000Z,2024-06-05T00:01:30.000Z,NA,pollen,2013-09-30T14:02:44.000Z,2013-09-30T14:02:44.000Z,32064,3,EPD E# 2479,"Data contributed by Morales-Molino, C. to the EPD.",2019-07-26T06:39:46.000Z,2019-07-26T06:39:46.000Z,NA,NAVALACA,26051,3,62,Arroyo de Navalacarreta,2014-01-01T00:00:00.000Z,Russian peat sampler,NA,NA,NA,NA,NA,NA,NA,NA,NA,Local vegetation: bog.,2019-07-26T06:39:16.000Z,2019-07-26T06:39:16.000Z,Arroyo de Navalacarreta,-4.031111,40.852222,1221,NA,Small forest hollow. Physiography: Valley in mountain. Surrounding vegetation: Forest. Vegetation formation: Lower part of Pinus sylvestris forest.,NA,2019-07-26T06:39:12.000Z,2026-04-22T11:27:38.000Z,0101000020E6100000F52EDE8FDB1F10C04277499C156D4440,"c(-4.031111, 40.852222)"
45194,3,Charcoal,NISP,,fragment,3,2019-07-26T12:37:06.000Z,2019-07-26T12:37:06.000Z,European Pollen Database,NA,https://epdweblog.org/,2013-09-30T14:02:35.000Z,2024-06-05T00:01:30.000Z,NA,pollen,2013-09-30T14:02:44.000Z,2013-09-30T14:02:44.000Z,32068,3,EPD E# 2470,"Data contributed by Morales-Molino, C. to the EPD.",2019-07-26T12:36:59.000Z,2019-07-26T12:36:59.000Z,NA,CARCAVAS,26055,3,62,Arroyo de las Cárcavas,2014-01-01T00:00:00.000Z,Russian peat sampler,NA,NA,NA,NA,NA,NA,NA,NA,NA,Local vegetation: bog.,2019-07-26T12:36:44.000Z,2019-07-26T12:36:44.000Z,Arroyo de las Cárcavas,-4.031389,40.841944,1285,NA,Small forest hollow. Physiography: Valley in mountain. Surrounding vegetation: Forest. Vegetation formation: Lower part of P. sylvestris.,NA,2019-07-26T12:36:43.000Z,2026-04-22T11:27:38.000Z,0101000020E61000000BD12170242010C01E882CD2C46B4440,"c(-4.031389, 40.841944)"
49528,3,Charcoal,NISP,,fragment,3,2021-06-08T10:06:52.000Z,2021-06-08T10:06:52.000Z,European Pollen Database,NA,https://epdweblog.org/,2013-09-30T14:02:35.000Z,2024-06-05T00:01:30.000Z,NA,pollen,2013-09-30T14:02:44.000Z,2013-09-30T14:02:44.000Z,35535,3,EPD E# 2589,"Data  submitted by Djamali, M. to the EPD.",2021-06-08T10:06:45.000Z,2021-06-08T10:06:45.000Z,NA,HCGL02,27568,3,52,HCGL02,2004-01-01T00:00:00.000Z,Russian corer,NA,NA,NA,NA,NA,NA,NA,NA,north of the lagoon (water depth = 1m),"Local vegetation: Azolla, Hydrocharis, Lemna, Batrachium...",2021-06-08T10:06:29.000Z,2021-06-08T10:06:29.000Z,Amirkola lagoon,50.195,37.3569444444444,-33,NA,"Shallow coastal lagoon. Physiography: wetland, littoral drift. Surrounding vegetation: rice fields, isolated Alnus trees.",NA,2021-06-08T10:06:26.000Z,2026-04-22T11:27:38.000Z,0101000020E6100000295C8FC2F518494055B0055BB0AD4240,"c(50.195, 37.3569444444444)"
52297,3,Charcoal,NISP,,fragment,3,2021-12-02T17:21:49.000Z,2021-12-02T17:21:49.000Z,European Pollen Database,NA,https://epdweblog.org/,2013-09-30T14:02:35.000Z,2024-06-05T00:01:30.000Z,NA,pollen,2013-09-30T14:02:44.000Z,2013-09-30T14:02:44.000Z,38037,3,EPD E# 2746,"Data contributed by Woodbridge, J. to the EPD.",2021-12-02T17:21:45.000Z,2021-12-02T17:24:13.000Z,NA,AKO25,28170,6,1,Ako 25 core,2005-01-01T00:00:00.000Z,Vibracoring with steel auger (5cm),NA,NA,NA,NA,NA,NA,NA,NA,150m north west of Ako 1 core,Local vegetation: field.,2021-12-02T17:21:38.000Z,2021-12-02T17:21:38.000Z,Akotivika,22.0763888888889,37.0363888888889,5,NA,"Archaeological site. Physiography: Former marshland in coastal plain. Surrounding vegetation: cultivated fields, olive agriculture.",Poseidon Sanctuary of Akovitika,2021-12-02T17:01:13.000Z,2026-04-22T11:27:38.000Z,0101000020E61000003C8EE3388E13364099DB1F64A8844240,"c(22.0763888888889, 37.0363888888889)"
52477,3,Charcoal,NISP,,fragment,3,2021-12-15T15:21:30.000Z,2021-12-15T15:21:30.000Z,European Pollen Database,NA,https://epdweblog.org/,2013-09-30T14:02:35.000Z,2024-06-05T00:01:30.000Z,NA,pollen,2013-09-30T14:02:44.000Z,2013-09-30T14:02:44.000Z,38119,3,EPD E# 2703,"Data contributed by Djamali, M. to the EPD.",2021-12-15T15:21:27.000Z,2021-12-15T15:24:48.000Z,NA,WEZMEH,28200,4,109,Wezmeh cave,2008-01-01T00:00:00.000Z,excavations,NA,NA,NA,NA,NA,NA,NA,NA,exterior slope of the cave,Local vegetation: dry land with some shrubs.,2021-12-15T15:21:19.000Z,2021-12-15T15:21:19.000Z,Wezmeh cave,46.645,34.0511111111111,1449,NA,"Cave (0.0045ha). Physiography: valley in footfills of Qazivand Mountain. Surrounding vegetation: dry farming of cereals, shrubs.",pollen sample taken from Hyaena coprolites,2021-12-15T15:21:16.000Z,2026-04-22T11:27:38.000Z,0101000020E6100000C3F5285C8F5247409A5713CF8A064140,"c(46.645, 34.0511111111111)"
24385,16,Charcoal,NISP,,>10 µm,3,2018-01-16T09:33:48.000Z,2018-01-16T09:33:48.000Z,European Pollen Database,NA,https://epdweblog.org/,2013-09-30T14:02:35.000Z,2024-06-05T00:01:30.000Z,NA,charcoal,2013-09-30T14:02:44.000Z,2013-09-30T14:02:44.000Z,17857,16,EPD E# 1660 char,Data contributed by Neil Roberts.,2018-01-16T09:33:44.000Z,2018-01-16T09:33:44.000Z,NA,ASIG1,15846,3,62,AG-A,1988-01-01T00:00:00.000Z,Hiller corer,NA,NA,NA,NA,NA,NA,NA,NA,NA,NA,2018-01-16T09:33:27.000Z,2018-01-16T09:33:27.000Z,Asi Gonia,24.27946,35.24851,769,18754.5708636045,Peat bog. Physiography: White' mountains (Central Crete). Surrounding vegetation: Mosaic of phrygana and steppe.,NA,2018-01-16T09:33:25.000Z,2026-04-22T11:27:38.000Z,0103000020E6100000010000000500000090A0F831E64638404F5DF92CCF9F4140488AC8B08A4738404F5DF92CCF9F4140488AC8B08A47384096438B6CE79F414090A0F831E646384096438B6CE79F414090A0F831E64638404F5DF92CCF9F4140,"c(24.27695, 35.24925)"
45324,3,Charcoal,NISP,,>10 µm,3,2019-07-31T07:48:09.000Z,2019-07-31T07:48:09.000Z,European Pollen Database,NA,https://epdweblog.org/,2013-09-30T14:02:35.000Z,2024-06-05T00:01:30.000Z,NA,pollen,2013-09-30T14:02:44.000Z,2013-09-30T14:02:44.000Z,32173,3,EPD E# 2366,"Data contributed by van der Knaap, W.O. to the EPD.",2019-07-31T07:47:59.000Z,2019-07-31T07:47:59.000Z,NA,GORGOBAS,23928,3,19,GORGOBAS,2004-06-01T00:00:00.000Z,modified Streif-Livingstone 4.8 cm diameter.,NA,NA,NA,NA,9.7,NA,NA,NA,deepest point,Local vegetation: Wetland communities. Alpadaba.,2019-07-31T07:47:46.000Z,2019-07-31T07:47:46.000Z,Gorgo Basso,12.65,37.6,16,NA,Lake. Physiography: Chain of karstic depressions. Surrounding vegetation: Cultivated fields.,NA,2019-03-21T15:42:31.000Z,2026-04-22T11:27:38.000Z,0101000020E6100000CDCCCCCCCC4C2940CDCCCCCCCCCC4240,"c(12.65, 37.6)"
47538,16,Charcoal,NISP,,>10 µm,28,2020-04-16T12:38:32.000Z,2020-04-16T12:38:32.000Z,Alpine Palynological Database,9224,NA,2018-02-16T15:11:14.000Z,2023-01-06T20:32:16.000Z,NA,charcoal,2013-09-30T14:02:44.000Z,2013-09-30T14:02:44.000Z,34079,16,Sa Curcurica charcoal,NA,2020-04-16T12:38:27.000Z,2020-04-16T12:38:27.000Z,NA,CURCURICA,26995,3,197,Sa Curcurica,2012-10-01T00:00:00.000Z,Streif-Livingstone piston corer,NA,NA,NA,NA,1.75,122,NA,NA,Deepest part,Two parallel cores two meters apart visually parallelised to get a master core,2020-04-16T12:35:31.000Z,2020-04-16T12:35:31.000Z,Sa Curcurica,9.78752,40.45547,4,NA,"Two small inletsThe lake is surrounded by a hilly landscape mostly covered with pine afforestations (planted during the 20th century) and Oleo-Ceratonion maquis (Olea europaea var. sylvestris, Pistacia lentiscus, Juniperus phoenicea, Chamaerops humilis, Myrtus communis). Cultivated land with olive groves to the southeast of the lake. Exotic species (Eucalyptus, Opuntia ficus-barbarica, Acacia) occur throughout the area.",NA,2020-04-16T12:35:27.000Z,2026-04-22T11:27:38.000Z,0101000020E610000050E449D235932340912749D74C3A4440,"c(9.78752, 40.45547)"
47576,16,Charcoal,NISP,,>10 µm,28,2020-05-08T13:20:41.000Z,2020-05-08T13:20:41.000Z,Alpine Palynological Database,9224,NA,2018-02-16T15:11:14.000Z,2023-01-06T20:32:16.000Z,NA,charcoal,2013-09-30T14:02:44.000Z,2013-09-30T14:02:44.000Z,34098,16,Gorgo Pollicino charcoal,NA,2020-05-08T13:20:36.000Z,2020-05-08T13:20:36.000Z,NA,GORGPOLLI,27012,3,72,Gorgo Pollicino,NA,Streif-Livingstone piston corer,NA,NA,NA,NA,2,NA,NA,NA,Centre of the basin,NA,2020-05-08T13:16:05.000Z,2020-05-08T13:16:05.000Z,Gorgo Pollicino,14.1272222222222,37.8236111111111,1285,NA,Small pond located in the Oro-mediterranean belt surrounded by xerophilous to mesophilous grasslands and shrublands,NA,2020-05-08T13:16:03.000Z,2026-04-22T11:27:38.000Z,0101000020E61000009F89674523412C40156CC1166CE94240,"c(14.1272222222222, 37.8236111111111)"
47581,16,Charcoal,NISP,,>10 µm,28,2020-05-08T22:23:00.000Z,2020-05-08T22:23:00.000Z,Alpine Palynological Database,9224,NA,2018-02-16T15:11:14.000Z,2023-01-06T20:32:16.000Z,NA,charcoal,2013-09-30T14:02:44.000Z,2013-09-30T14:02:44.000Z,34100,16,Gorgo Lungo charcoal,NA,2020-05-08T22:22:55.000Z,2020-05-08T22:22:55.000Z,NA,GORGLUNG,27014,3,72,Gorgo Lungo,NA,Streif-Livingstone piston corer,NA,NA,NA,NA,1.7,NA,NA,NA,Centre of the basin,NA,2020-05-08T22:19:43.000Z,2020-05-08T22:19:43.000Z,Gorgo Lungo,13.40842,37.90101,900,NA,Small pond in the meso-mediterranean belt surrounded by an Ulmus canescens stand and pine (Pinus pinea) afforestations,NA,2020-05-08T22:19:40.000Z,2026-04-22T11:27:38.000Z,0101000020E61000008C101E6D1CD12A403AAFB14B54F34240,"c(13.40842, 37.90101)"
47585,16,Charcoal,NISP,,>10 µm,28,2020-05-09T09:07:41.000Z,2020-05-09T09:07:41.000Z,Alpine Palynological Database,9224,NA,2018-02-16T15:11:14.000Z,2023-01-06T20:32:16.000Z,NA,charcoal,2013-09-30T14:02:44.000Z,2013-09-30T14:02:44.000Z,34102,16,Gorgo Tondo charcoal,NA,2020-05-09T09:07:36.000Z,2020-05-09T09:07:36.000Z,NA,GORGTOND,27016,3,72,Gorgo Tondo,NA,Streif-Livingstone piston corer,NA,NA,NA,NA,0.1,NA,NA,NA,Centre of the basin,NA,2020-05-09T09:01:42.000Z,2020-05-09T09:01:42.000Z,Gorgo Tondo,13.41265,37.90131,851,NA,Small pond in the meso-mediterranean belt surrounded by pine afforestations (Pinus pinea).,The elevation provided in the publication is probably wrong; in the maps checked it is ca. 880 m asl instead of 783 m asl.,2020-05-09T09:01:39.000Z,2026-04-22T11:27:38.000Z,0101000020E610000088635DDC46D32A4065C746205EF34240,"c(13.41265, 37.90131)"
47588,16,Charcoal,NISP,,>10 µm,28,2020-05-09T12:10:49.000Z,2020-05-09T12:10:49.000Z,Alpine Palynological Database,9224,NA,2018-02-16T15:11:14.000Z,2023-01-06T20:32:16.000Z,NA,charcoal,2013-09-30T14:02:44.000Z,2013-09-30T14:02:44.000Z,34103,16,Urgo Pietra Giordano charcoal,NA,2020-05-09T12:10:44.000Z,2020-05-09T12:10:44.000Z,NA,PIETGIOR,27017,3,61,Urgo Pietra Giordano,NA,Streif-Livingstone piston corer,NA,NA,NA,NA,NA,NA,NA,NA,NA,NA,2020-05-09T12:05:59.000Z,2020-05-09T12:05:59.000Z,Urgo Pietra Giordano,14.12767,37.85262,1334,NA,Mire in the oro-mediterranean belt within a Fagus sylvatica forest,NA,2020-05-09T12:05:57.000Z,2026-04-22T11:27:38.000Z,0101000020E6100000535C55F65D412C4030F5F3A622ED4240,"c(14.12767, 37.85262)"
47591,16,Charcoal,NISP,,>10 µm,28,2020-05-09T15:45:58.000Z,2020-05-09T15:45:58.000Z,Alpine Palynological Database,9224,NA,2018-02-16T15:11:14.000Z,2023-01-06T20:32:16.000Z,NA,charcoal,2013-09-30T14:02:44.000Z,2013-09-30T14:02:44.000Z,34104,16,Urio Quattrocchi charcoal,NA,2020-05-09T15:45:52.000Z,2020-05-09T15:45:52.000Z,NA,QUATTROC,27018,3,24,Urio Quattrocchi,NA,Streif-Livingstone piston corer,NA,NA,NA,NA,2,52,NA,NA,Deepest part of the basin,NA,2020-05-09T15:40:08.000Z,2020-05-09T15:40:08.000Z,Urio Quattrocchi,14.39575,37.90121,1041,NA,"Small lake fed by precipitation and groundwater discharge. Hydrophytes: Utricularia australis, Potamogeton natans, Myriophyllum verticillatum. Wetland plants: Eleocharis palustris, Alisma lanceolatum, Dactylorhiza saccifera, Juncus effusus and Orchis laxiflora. Upland vegetation: mosaic of Quercus cerris woodlands, pasturelands and shrublands (Prunus spinosa, Rubus canescens, Crataegus orientalis, Ilex aquifolium, Calicotome infesta).",NA,2020-05-09T15:40:03.000Z,2026-04-22T11:27:38.000Z,0101000020E6100000B4C876BE9FCA2C40016A6AD95AF34240,"c(14.39575, 37.90121)"
48931,3,Charcoal,NISP,,>10 µm,3,2021-02-10T14:46:40.000Z,2021-02-10T14:46:40.000Z,European Pollen Database,NA,https://epdweblog.org/,2013-09-30T14:02:35.000Z,2024-06-05T00:01:30.000Z,NA,pollen,2013-09-30T14:02:44.000Z,2013-09-30T14:02:44.000Z,35210,3,El Carrizal pollen E# 2634,"Data contributed by Morales del Molino, C. to the EPD.",2021-02-10T14:46:37.000Z,2021-02-10T14:46:37.000Z,NA,CARRIZAL,27326,3,24,Laguna del Carrizal,NA,Russian corer,NA,NA,NA,NA,1.5,39,NA,NA,Central part of the basin,Local vegetation: water.,2021-02-10T14:46:23.000Z,2021-02-10T14:46:23.000Z,El Carrizal lake,-4.14498,41.31848,847,NA,Natural lake fed by groundwater. Physiography: discharge on eolian sand sheets & continental dune fields.  Surrounded vegetation:  Pinus pinaster and Pinus pinea woodlands.,Recent overexploitation of the aquifer has resulted in a lowering of the water table and the flooded area.The lake parameters indicated correspond to the maximum extension of the lake.,2021-02-10T14:46:20.000Z,2026-04-22T11:27:38.000Z,0101000020E6100000DC4B1AA3759410C00D37E0F3C3A84440,"c(-4.14498, 41.31848)"
49076,3,Charcoal,NISP,,>10 µm,3,2021-03-22T14:57:23.000Z,2021-03-22T14:57:23.000Z,European Pollen Database,NA,https://epdweblog.org/,2013-09-30T14:02:35.000Z,2024-06-05T00:01:30.000Z,NA,pollen,2013-09-30T14:02:44.000Z,2013-09-30T14:02:44.000Z,35292,3,EPD E# 2616,"Data contributed by Woodbridge, J. to the EPD. EPD pending data.",2021-03-22T14:57:18.000Z,2021-03-22T14:57:18.000Z,NA,BAZA,27354,3,61,Baza,2000-01-01T00:00:00.000Z,piston corer sampler (6cm),NA,NA,NA,NA,NA,NA,NA,NA,Headwaters of the Cañada del Gitano basin,Local vegetation: hygrophilous communities.,2021-03-22T14:57:05.000Z,2021-03-22T14:57:05.000Z,Sierra de Baza,-2.7,37.2333333333333,1881,NA,"Peat. Physiography: mountain. Surrounding vegetation: pine, oak.",NA,2021-03-22T14:57:03.000Z,2026-04-22T11:27:38.000Z,0101000020E61000009A999999999905C0D9DDDDDDDD9D4240,"c(-2.7, 37.2333333333333)"
49078,3,Charcoal,NISP,,>10 µm,3,2021-03-22T15:24:23.000Z,2021-03-22T15:24:23.000Z,European Pollen Database,NA,https://epdweblog.org/,2013-09-30T14:02:35.000Z,2024-06-05T00:01:30.000Z,NA,pollen,2013-09-30T14:02:44.000Z,2013-09-30T14:02:44.000Z,35293,3,EPD E# 2616,"Data contributed by Woodbridge, J. to the EPD. EPD pending data.",2021-03-22T15:24:18.000Z,2021-03-22T15:24:18.000Z,NA,BAZA,27355,3,61,Baza,2000-01-01T00:00:00.000Z,piston corer sampler (6cm),NA,NA,NA,NA,NA,NA,NA,NA,Headwaters of the Cañada del Gitano basin,Local vegetation: hygrophilous communities.,2021-03-22T15:24:05.000Z,2021-03-22T15:24:05.000Z,Sierra de Baza,-2.7,37.2333333333333,1881,NA,"Peat. Physiography: mountain. Surrounding vegetation: pine, oak.",NA,2021-03-22T15:24:03.000Z,2026-04-22T11:27:38.000Z,0101000020E61000009A999999999905C0D9DDDDDDDD9D4240,"c(-2.7, 37.2333333333333)"
49179,3,Charcoal,NISP,,>10 µm,3,2021-03-29T15:14:38.000Z,2021-03-29T15:14:38.000Z,European Pollen Database,NA,https://epdweblog.org/,2013-09-30T14:02:35.000Z,2024-06-05T00:01:30.000Z,NA,pollen,2013-09-30T14:02:44.000Z,2013-09-30T14:02:44.000Z,35340,3,EPD E# 2617,"Data contributed by Woodbridge, J. to the EPD. EPD pending data.",2021-03-29T15:14:31.000Z,2021-03-29T15:14:31.000Z,NA,CANADACR,27401,3,19,Cañada de la Cruz,2000-01-01T00:00:00.000Z,piston sampler (6 cm),NA,NA,NA,NA,NA,65,NA,NA,central part of the dry lake,Local vegetation: grasses.,2021-03-29T15:14:18.000Z,2021-03-29T15:14:18.000Z,Cañada de la Cruz,-2.6875,38.0675,1595,NA,"Temporary shallow lake. Physiography: karstic valley. Surrounding vegetation: dwarf Juniperus, Pinus and shrubs.",NA,2021-03-29T15:14:16.000Z,2026-04-22T11:27:38.000Z,0101000020E610000000000000008005C0713D0AD7A3084340,"c(-2.6875, 38.0675)"
57774,16,Charcoal,number,,>10 µm,28,2023-11-05T23:22:26.000Z,2023-11-05T23:22:26.000Z,Alpine Palynological Database,9224,NA,2018-02-16T15:11:14.000Z,2023-01-06T20:32:16.000Z,NA,charcoal,2013-09-30T14:02:44.000Z,2013-09-30T14:02:44.000Z,41598,16,Baratz charcoal,NA,2023-11-05T23:22:22.000Z,2023-11-05T23:22:22.000Z,NA,BARATZ,30468,3,24,Baratz,2012-10-01T00:00:00.000Z,Streif-Livingstone piston corer,NA,NA,NA,NA,8.2,52,NA,NA,NA,NA,2023-11-05T23:07:50.000Z,2023-11-05T23:07:50.000Z,Lago di Baratz,8.22551,40.68089,14,NA,Lake probably formed when the advance of dunefields from the sea impeded the flow of the Rio dei Giunchi and Rio Puddighinu rivers to the sea. Eutrophic and brackish water. Highly variable lake level. Pine afforestations with thermo-mediterranean evergreen broadleaved trees and shrubs in the understory as well as alien species around the lake.,NA,2023-11-05T23:07:47.000Z,2026-04-22T11:27:38.000Z,0101000020E610000088D7F50B7673204033164D6727574440,"c(8.22551, 40.68089)"
58140,16,Charcoal,number,,>10 µm,28,2024-02-15T23:31:26.000Z,2024-02-15T23:31:26.000Z,Alpine Palynological Database,9224,NA,2018-02-16T15:11:14.000Z,2023-01-06T20:32:16.000Z,NA,charcoal,2013-09-30T14:02:44.000Z,2013-09-30T14:02:44.000Z,41876,16,Chia charcoal,NA,2024-02-15T23:31:22.000Z,2024-02-15T23:31:22.000Z,NA,CHIA,30667,3,24,Chia,2012-10-01T00:00:00.000Z,Streif-Livingstone piston corer,NA,NA,NA,NA,0,39,NA,NA,Centre of the lake,The lake was dry when it was cored.,2024-02-15T23:23:06.000Z,2024-02-15T23:23:06.000Z,Stagno di Chia,8.87461111111111,38.8964722222222,4,NA,"Small not permanent coastal pond. Mosaic-like surrounding vegetation including communities adapted to grow on coastal dunes (e.g. Ammophila arenaria, Crucianella maritima/Helichrysum microphyllum, Juniperus oxycedrus macrocarpa), reed beds (Phragmites australis), riparian forest, Tamarix africana stands, halophytic shrublands (Arthrocaulon meridionale, Salicornia fruticosa) and maquis (Juniperus phoenicea turbinata, Phillyrea angustifolia, Pistacia lentiscus, Chamaerops humilis).",NA,2024-02-15T23:23:02.000Z,2026-04-22T11:27:38.000Z,0101000020E610000081E10D07CDBF2140C01B0E9ABF724340,"c(8.87461111111111, 38.8964722222222)"
61793,16,Charcoal,number,,>10 µm,28,2025-02-13T22:24:50.000Z,2025-02-13T22:24:50.000Z,Alpine Palynological Database,9224,NA,2018-02-16T15:11:14.000Z,2023-01-06T20:32:16.000Z,NA,charcoal,2013-09-30T14:02:44.000Z,2013-09-30T14:02:44.000Z,44880,16,Volvi charcoal,NA,2025-02-13T22:24:47.000Z,2025-02-13T22:24:47.000Z,NA,VOLVI21,33138,3,24,VOL,2020-10-02T00:00:00.000Z,UWITEC piston corer (6 cm diameter),NA,NA,NA,NA,19.3,NA,NA,NA,Close to deepest point in flat lake bed area,NA,2025-02-13T22:24:38.000Z,2025-02-13T22:24:38.000Z,Limni Volvi,23.5418611111111,40.664,37,6860,"Limni Volvi is the second largest lake in Greece. The lake is of tectonic origin and covers the largest part of the Langadas basin (also called the Mygdonian basin). The basin is bordered to the north and south by hills and mountains, the highest peak being Mount Cholomon on Chalkidiki. To the east, the lake has a natural outflow (Richios River) to the Strymonian Gulf in the Thracian Sea.Today, the vegetation around Limni Volvi is mesomediterranean. At lowest altitudes, up to 200–300 m a.s.l. most of the area around the lake is either under cultivation (e.g. cereals, maize, olive) or consists of maquis with evergreen species such as Quercus coccifera, Quercus ilex, Pistacia lentiscus, Erica arborea, Phillyrea latifolia, and Cistus spp.
There are also a few remnants of riparian forests with Platanus orientalis, Alnus glutinosa, Populus, and Salix. At higher altitudes, between ca. 300 and 800 m a.s.l., the vegetation is dominated by submediterranean deciduous forests with Quercus frainetto, Quercus pubescens, and Castanea sativa followed by oromediterranean forests dominated by Fagus at an altitude above ca. 800 m a.s.l.",NA,2025-02-13T22:24:34.000Z,2026-04-22T11:27:38.000Z,0101000020E61000004732E768B78A3740A245B6F3FD544440,"c(23.5418611111111, 40.664)"
61889,16,Charcoal,number,,>10 µm,28,2025-02-18T09:21:27.000Z,2025-02-18T09:21:27.000Z,Alpine Palynological Database,9224,NA,2018-02-16T15:11:14.000Z,2023-01-06T20:32:16.000Z,NA,charcoal,2013-09-30T14:02:44.000Z,2013-09-30T14:02:44.000Z,44954,16,Ohrid Ploca OHR19-3&4 Charcoal,NA,2025-02-18T09:21:25.000Z,2025-02-18T09:21:25.000Z,NA,OHR_3&4,33212,3,40,OHR19-3&4,2019-06-30T00:00:00.000Z,UWITEC piston corer,40.9939722222222,20.7975833333333,693,NA,8.6,65,NA,NA,"Close to the shoreline, next to the Neolithic settlement Ploca Micov Grad",NA,2025-02-18T09:10:36.000Z,2025-02-18T09:52:33.000Z,Lake Ohrid - Ploča Mičov Grad,20.7976944444444,40.9939722222222,693,35800,"Lake Ohrid is a large lake of tectonic origin located between North Macedonia and Albania. The catchment area of Lake Ohrid includes Lake Prespa as both lakes are connected by karst aquifers. Our coring site is located on the eastern shore of Lake Ohrid, 12 km south of Ohrid town and 1 km south of the village of Peštani, at the foothills of the Galičica mountain chain and in very close proximity to the Neolithic and Bronze Age ‘pile-dwelling’ settlement of Ploča Mičov Grad (4600–1200 cal BC)",NA,2025-02-18T09:10:32.000Z,2026-04-22T11:27:38.000Z,0103000020E610000001000000050000004E80DC6B2ECC3440D4C9557B3A7F4440EF16FFB335CC3440D4C9557B3A7F4440EF16FFB335CC3440FD676B083F7F44404E80DC6B2ECC3440FD676B083F7F44404E80DC6B2ECC3440D4C9557B3A7F4440,"c(20.7975833333333, 40.9941111111111)"
41587,3,Charcoal,particles/ml,,>10 µm,28,2019-03-26T10:16:23.000Z,2019-03-26T10:16:23.000Z,Alpine Palynological Database,9224,NA,2018-02-16T15:11:14.000Z,2023-01-06T20:32:16.000Z,NA,pollen,2013-09-30T14:02:44.000Z,2013-09-30T14:02:44.000Z,28726,3,Biviere di Gela pollen,NA,2019-03-26T10:16:20.000Z,2019-03-26T10:16:20.000Z,NA,BIVGELA,23933,3,24,Biviere di Gela,2003-01-01T00:00:00.000Z,Streif-Livingstone piston corer,NA,NA,NA,NA,NA,1,NA,NA,NA,NA,2019-03-26T10:16:09.000Z,2019-03-26T10:16:09.000Z,Biviere di Gela,14.34455,37.01879,11,NA,"Freshwater lake separated from the Mediterranean Sea by a fossil sand dune system. Originally it was a lagoon connected to the sea. There is one small inlet and no outlet.

Submerged vegetation: Potamogeton pectinatus, P. crispus, Myriophyllum verticillatum, Ceratophyllum submersum.

Shore vegetation: Schoenoplectus litoralis, S. tabernaemontani, Bolboschoenus maritimus, Phragmites australis, Carex otrubae, Cyperus laevigatus, Cyperus alopecuroides, Typha latifolia, T. angustifolia, Juncus acutus. Tamarix africana, T. arborea, T. gallica, main tree species on the shore.

Some remnants of Mediterranean scrub with Ceratonia siliqua, Olea europaea var. sylvestris, Pistacia lentiscus, Chamaerops humilis, Cistus spp., Rosmarinus officinalis, Corydothymus capitatus.",NA,2019-03-26T10:16:07.000Z,2026-04-22T11:27:38.000Z,0101000020E610000071AC8BDB68B02C40F5BEF1B567824240,"c(14.34455, 37.01879)"
41604,3,Charcoal,particles/ml,,>10 µm,28,2019-03-27T14:39:55.000Z,2019-03-27T14:39:55.000Z,Alpine Palynological Database,9224,NA,2018-02-16T15:11:14.000Z,2023-01-06T20:32:16.000Z,NA,pollen,2013-09-30T14:02:44.000Z,2013-09-30T14:02:44.000Z,28734,3,Lago dell'Accesa AC05-B,NA,2019-03-27T14:39:52.000Z,2019-03-27T14:39:52.000Z,NA,AC05-B,23939,3,38,Lago dell'Accesa AC05-B,2005-01-01T00:00:00.000Z,Gravity corer and UWITEC piston corer,NA,NA,NA,NA,35,66,NA,NA,NA,NA,2019-03-27T14:39:43.000Z,2019-03-27T14:39:43.000Z,Lago dell'Accesa,10.89516,42.98787,156,NA,Lake fed by subaquatic springs on its western shore. Only one outlet on the east shore. Surrounded by hills covered with mixed evergreen/deciduous woodland.,NA,2019-03-27T14:39:41.000Z,2026-04-22T11:27:38.000Z,0101000020E6100000EE5F596952CA25408A592F86727E4540,"c(10.89516, 42.98787)"
47578,3,Charcoal,particles/ml,,>10 µm,28,2020-05-08T14:50:33.000Z,2020-05-08T14:50:33.000Z,Alpine Palynological Database,9224,NA,2018-02-16T15:11:14.000Z,2023-01-06T20:32:16.000Z,NA,pollen,2013-09-30T14:02:44.000Z,2013-09-30T14:02:44.000Z,34099,3,Marcato Cixé pollen,Also charcoal data,2020-05-08T14:50:28.000Z,2020-05-08T14:50:28.000Z,NA,MARCIXE,27013,3,61,Marcato Cixé,NA,Streif-Livingstone piston corer,NA,NA,NA,NA,NA,NA,NA,NA,Centre of the basin,NA,2020-05-08T14:50:16.000Z,2020-05-08T14:50:16.000Z,Marcato Cixé,14.12782,37.85887,1177,NA,Mire in the oro-mediterranean belt within a mosaic of open and heavily browsed Ilex aquifolium shrubland and grasslands,NA,2020-05-08T14:50:13.000Z,2026-04-22T11:27:38.000Z,0101000020E6100000A88C7F9F71412C40FDC1C073EFED4240,"c(14.12782, 37.85887)"
53601,3,Charcoal,particles/ml,,>10 µm,28,2022-06-10T14:29:58.000Z,2022-06-10T14:29:58.000Z,Alpine Palynological Database,9224,NA,2018-02-16T15:11:14.000Z,2023-01-06T20:32:16.000Z,NA,pollen,2013-09-30T14:02:44.000Z,2013-09-30T14:02:44.000Z,38879,3,PT-1,NA,2022-06-10T14:29:54.000Z,2022-06-10T14:29:54.000Z,NA,PT1,28701,3,61,Pam Terrace 1,2015-03-15T00:00:00.000Z,Russian peat corer,NA,NA,NA,NA,NA,NA,NA,NA,Centre of the mire,NA,2022-06-10T14:29:44.000Z,2022-06-10T14:29:44.000Z,Palm Terrace,35.5625,31.5372222222222,-317,NA,Oasis located 700 m east of the Dead Sea shore (northern basin),NA,2022-06-10T14:29:41.000Z,2026-04-22T11:27:38.000Z,0101000020E61000000000000000C84140F920436587893F40,"c(35.5625, 31.5372222222222)"
49175,3,Charcoal,number/g,,>10 µm,3,2021-03-29T11:12:56.000Z,2021-03-29T11:12:56.000Z,European Pollen Database,NA,https://epdweblog.org/,2013-09-30T14:02:35.000Z,2024-06-05T00:01:30.000Z,NA,pollen,2013-09-30T14:02:44.000Z,2013-09-30T14:02:44.000Z,35338,3,EPD E# 2620,"Data contributed by Woodbridge, J to the EPD.",2021-03-29T11:12:48.000Z,2021-03-29T11:12:48.000Z,NA,VILAVERD,27399,3,60,Villaverde,1999-01-01T00:00:00.000Z,piston corer,NA,NA,NA,NA,NA,NA,NA,NA,1 km south of Laguna Ojos de Villaverde,Local vegetation: cultivated field.,2021-03-29T11:12:34.000Z,2021-03-29T11:12:34.000Z,Villaverde,-2.36032,38.79895,899,NA,"Karstic wetland. Physiography: karstic land in Cubillo valley. Surrounding vegetation: cultivated fields,Quercus ilex subsp. ballota stands mixed with Juniperus thurifera; shrublands. Locally, reed beds and wet meadows.",NA,2021-03-29T11:12:31.000Z,2026-04-22T11:27:38.000Z,0101000020E6100000FDC1C073EFE102C0D1915CFE43664340,"c(-2.36032, 38.79895)"
49177,3,Charcoal,number/g,,>10 µm,3,2021-03-29T14:15:27.000Z,2021-03-29T14:15:27.000Z,European Pollen Database,NA,https://epdweblog.org/,2013-09-30T14:02:35.000Z,2024-06-05T00:01:30.000Z,NA,pollen,2013-09-30T14:02:44.000Z,2013-09-30T14:02:44.000Z,35339,3,EPD E# 2621,"Data contributed by Woodbridge, J. to the EPD.",2021-03-29T14:15:21.000Z,2021-03-29T14:15:21.000Z,NA,SILES,27400,3,19,Siles,1999-01-01T00:00:00.000Z,piston corer (6cm),NA,NA,NA,NA,NA,NA,NA,NA,centre part of lake 6 km W of the village,Dried up lake during summer (3.5 to 4 m maximum depth in winter). Local vegetation: hydrophytes.,2021-03-29T14:15:08.000Z,2021-03-29T14:15:08.000Z,Siles lake,-2.5095,38.38903,1285,NA,"Two sub-basins separated by a low ridge. Physiography: basin in karstic area. Surrounding vegetation: patches of Pinus,Quercus,Juniperus,shrub. The lake dries up occasionally.",NA,2021-03-29T14:15:06.000Z,2026-04-22T11:27:38.000Z,0101000020E6100000FA7E6ABC741304C0D9942BBCCB314340,"c(-2.5095, 38.38903)"
58064,36,Charcoal,particles/cm^3,,>10 µm,3,2024-02-01T10:30:18.000Z,2024-02-01T10:30:18.000Z,European Pollen Database,NA,https://epdweblog.org/,2013-09-30T14:02:35.000Z,2024-06-05T00:01:30.000Z,NA,microcharcoal,2019-12-09T20:41:26.000Z,2019-12-09T20:41:26.000Z,41809,36,ZMN-19-charcoal,NA,2024-02-01T10:30:16.000Z,2024-02-01T10:30:16.000Z,NA,ZMN-19,30617,3,29,ZMN-19,2019-09-17T00:00:00.000Z,Livingstone-piston corer and UWITEC gravity corer,NA,NA,NA,NA,9.3,NA,NA,NA,Centre of the lake,"Two parallel cores collected with the Livingstone piston corer (1-m long, 6-cm in diameter). The UWITEC gravity core was taken from a third hole.",2023-12-22T16:10:44.000Z,2023-12-22T16:10:44.000Z,Zminje Jezero,19.0703861111111,43.1554944444444,1531,NA,Glacial-origin lake in the montane vegetation zone. Vegetation in the surroundings is dominated by a dense spruce-fir forest.,NA,2023-12-22T16:10:40.000Z,2026-04-22T11:27:38.000Z,0101000020E61000009750FDD20412334098CCF03DE7934540,"c(19.0703861111111, 43.1554944444444)"
58751,3,Charcoal,NISP,,fragments,3,2024-05-28T16:20:47.000Z,2024-05-28T16:20:47.000Z,European Pollen Database,NA,https://epdweblog.org/,2013-09-30T14:02:35.000Z,2024-06-05T00:01:30.000Z,NA,pollen,2013-09-30T14:02:44.000Z,2013-09-30T14:02:44.000Z,42338,3,CAVALL2 pollen,"Data contributed by Reille, M. to the EPD/Neotoma.",2024-05-28T16:20:32.000Z,2024-05-28T16:20:32.000Z,NA,CAVALL2,31067,3,60,Cavallara 2,1970-01-01T00:00:00.000Z,Coûteaux corer (8cm),NA,NA,NA,NA,NA,NA,NA,NA,Incudine center of the island,Local vegetation: Beech grove.,2024-05-28T16:20:12.000Z,2024-05-28T16:20:12.000Z,Bergeries de Cavallara,9.17527777777778,41.8755555555556,1466,NA,"Acid peat bog ""pozzine"". Physiography: ancient glacial lake. Surrounding vegetation: beech grove.",NA,2024-05-28T15:44:46.000Z,2026-04-22T11:27:38.000Z,0101000020E6100000D08A4602BE592240A178563412F04440,"c(9.17527777777778, 41.8755555555556)"
57736,36,Charcoal,NISP,,<125 µm,11,2023-10-31T20:18:43.000Z,2023-10-31T20:18:43.000Z,Neotoma,44,http://www.neotomadb.org/,2013-09-30T14:02:35.000Z,2013-09-30T14:02:35.000Z,NA,microcharcoal,2019-12-09T20:41:26.000Z,2019-12-09T20:41:26.000Z,41584,36,SC-C2,NA,2023-10-31T20:18:40.000Z,2023-10-31T20:18:40.000Z,NA,ALOATRA,30463,3,24,SC-C2,2018-07-01T00:00:00.000Z,Piston corer,NA,NA,NA,NA,2.5,NA,NA,NA,NA,NA,2023-10-31T20:13:43.000Z,2023-10-31T20:13:43.000Z,Lake Alaotra,48.508611,-17.476667,760,NA,Shallow natural lake. Surrounding topography: rounded hills in a mature relief. Surrounding vegetation: open grasslands on the hillslopes and rice fields in the valley. Local vegetation (wetlands surrounding the lake): Cyperaceae and rice fields.,NA,2023-10-31T20:13:40.000Z,2026-04-22T11:27:38.000Z,0101000020E610000064B14D2A1A4148401A1538D9067A31C0,"c(48.508611, -17.476667)"
48999,36,Charcoal,NISP,,microfragment,2,2021-03-09T18:34:25.000Z,2021-03-09T18:34:25.000Z,African Pollen Database,6414,https://africanpollendatabase.ipsl.fr/#/home,2013-09-30T14:02:35.000Z,2023-04-11T18:59:59.000Z,NA,microcharcoal,2019-12-09T20:41:26.000Z,2019-12-09T20:41:26.000Z,35239,36,NA,NA,2021-03-09T18:34:24.000Z,2021-03-09T18:34:24.000Z,NA,KH4,27348,3,40,NP04-KH04-4A-1K,2004-06-06T00:00:00.000Z,Kullenberg corer,-6.713783,29.83262,773,NA,330,37,NA,NA,open water,NA,2021-03-09T18:34:21.000Z,2021-03-09T18:34:21.000Z,Lake Tanganyika,31.12576,-8.80904,1307,133075467561.673,"Open water offshore of coast, Lake Tanganyika is permanently anoxic below 150 m depth and is considered an oligotrophic system.",NA,2021-03-08T18:05:21.000Z,2026-04-22T11:27:38.000Z,0103000020E61000000100000005000000B81E85EB51203D40CA4FAA7D3A9E21C0B81E85EB51203D40F33CB83B6BF70AC01C25AFCE31203F40F33CB83B6BF70AC01C25AFCE31203F40CA4FAA7D3A9E21C0B81E85EB51203D40CA4FAA7D3A9E21C0,"c(29.12625, -3.37081)"
46686,36,Charcoal,number,,microfragment,2,2020-01-29T13:23:07.000Z,2020-01-29T13:23:07.000Z,African Pollen Database,6414,https://africanpollendatabase.ipsl.fr/#/home,2013-09-30T14:02:35.000Z,2023-04-11T18:59:59.000Z,NA,microcharcoal,2019-12-09T20:41:26.000Z,2019-12-09T20:41:26.000Z,33326,36,NA,depth in cmblf,2020-01-29T13:23:03.000Z,2020-01-29T13:23:03.000Z,NA,E96-5M,26660,3,40,E96-5M,1996-01-01T00:00:00.000Z,Kullerberg and Mackereth corers,-0.356666666666667,29.7016666666667,NA,NA,29,NA,NA,NA,Open water,NA,2020-01-29T13:22:48.000Z,2020-01-29T13:32:31.000Z,Lake Edward,29.90775,-0.66205,911,4251338900.1695,"Open water offshore of coast, Lake Edward is permanently anoxic below 80 m depth and periodically anoxic below 40 m depth, and is considered a eutrophic system",NA,2020-01-29T13:22:45.000Z,2026-04-22T11:27:38.000Z,0103000020E610000001000000050000002B8716D9CE4F3D403A234A7B832FE5BFAAF1D24D62E83D403A234A7B832FE5BFAAF1D24D62E83D408CA19C685721B5BF2B8716D9CE4F3D408CA19C685721B5BF2B8716D9CE4F3D403A234A7B832FE5BF,"c(29.31175, -0.08254)"
48714,36,Charcoal,number,,microfragment,33,2020-10-21T23:07:35.000Z,2020-10-21T23:07:35.000Z,Neotoma Charcoal Data,NA,NA,2019-02-01T21:14:58.000Z,2019-02-01T21:14:58.000Z,NA,microcharcoal,2019-12-09T20:41:26.000Z,2019-12-09T20:41:26.000Z,29514,36,NA,NA,2020-10-21T23:07:33.000Z,2020-10-21T23:07:33.000Z,NA,PARISLP3,24176,3,19,LPIII core,2007-02-01T00:00:00.000Z,Livingstone corer,NA,NA,NA,NA,2.1,NA,NA,NA,centre of lake,"Local vegetation: Phragmite,Typha,Scirpus,. Close to archaeological sites.",2019-05-06T12:42:35.000Z,2019-05-06T12:42:35.000Z,Lake Parishan,51.92788,29.44515,815,213474308.916313,Lake. Physiography: Basin. Surrounding vegetation: Pasture and cultivated lands.,NA,2019-05-06T12:42:30.000Z,2026-04-22T11:27:38.000Z,0103000020E610000001000000050000003D27BD6F7CDD49407DD0B359F5713D40664E97C5C4F649407DD0B359F5713D40664E97C5C4F649405D6DC5FEB28B3D403D27BD6F7CDD49405D6DC5FEB28B3D403D27BD6F7CDD49407DD0B359F5713D40,"c(51.73036, 29.5457)"
52851,36,Charcoal,number,,microfragment,2,2022-02-24T17:18:45.000Z,2022-02-24T17:18:45.000Z,African Pollen Database,6414,https://africanpollendatabase.ipsl.fr/#/home,2013-09-30T14:02:35.000Z,2023-04-11T18:59:59.000Z,NA,microcharcoal,2019-12-09T20:41:26.000Z,2019-12-09T20:41:26.000Z,38323,36,NA,NA,2022-02-24T17:18:44.000Z,2022-02-24T17:18:44.000Z,NA,W_SANA,28354,1,110,WADI SANA,2000-02-01T00:00:00.000Z,manual extraction,15.784,49.471,685,NA,NA,NA,NA,NA,NA,24 middens were collected from caves and rock shelters,2022-02-24T17:18:41.000Z,2022-02-24T17:18:41.000Z,Wadi Sana,49.471,15.784,686,NA,dry river valley with rock shelter on steep canyon walls,NA,2022-02-24T17:18:39.000Z,2026-04-22T11:27:38.000Z,0101000020E61000003F355EBA49BC4840C520B07268912F40,"c(49.471, 15.784)"
59841,36,Charcoal,number,,microfragment,2,2024-08-28T14:57:22.000Z,2024-08-28T14:57:22.000Z,African Pollen Database,6414,https://africanpollendatabase.ipsl.fr/#/home,2013-09-30T14:02:35.000Z,2023-04-11T18:59:59.000Z,NA,microcharcoal,2019-12-09T20:41:26.000Z,2019-12-09T20:41:26.000Z,43337,36,Monoun,NA,2024-08-28T14:57:20.000Z,2024-08-28T14:57:20.000Z,NA,MONOUN,31733,3,19,MONOUN,2016-03-01T00:00:00.000Z,manual russian corer,5.566042,10.581908,1191,NA,NA,NA,NA,NA,NA,swamp at the southern edge of Lake Monoun,2024-08-28T14:57:14.000Z,2024-08-28T14:57:14.000Z,Lake Monoun,10.581908,5.566042,1191,NA,Savannah (Terminalia glaucescens),NA,2024-08-28T14:57:11.000Z,2026-04-22T11:27:38.000Z,0101000020E6100000C18F6AD8EF29254055A69883A0431640,"c(10.581908, 5.566042)"
57657,37,Charcoal,number,,>150 µm,3,2023-09-12T14:12:02.000Z,2023-09-12T14:12:02.000Z,European Pollen Database,NA,https://epdweblog.org/,2013-09-30T14:02:35.000Z,2024-06-05T00:01:30.000Z,NA,macrocharcoal,2019-12-09T20:41:32.000Z,2019-12-09T20:41:32.000Z,41554,37,Laguna de Villena macrocharcoal,NA,2023-09-12T14:11:59.000Z,2023-09-12T14:11:59.000Z,NA,LDV,30444,3,217,VL3,2016-01-01T00:00:00.000Z,Percussion corer,NA,NA,NA,NA,0,NA,NA,NA,Approximate center of the former lagoon (nowadays dessicated),NA,2023-09-12T14:11:48.000Z,2023-09-12T14:11:48.000Z,Laguna de Villena,-0.919888888888889,38.6296666666667,488,NA,"Former endorheic lake located in a depression generated by a tectonic fault (Vinalopó fault). The former basin was about 4.5 km long and 2 km wide. Artificial drainage (Acequia del Rey) has been in place since CE 1803, which drains into the Vinalopó river to the south. The former lake occupied a wide corridor with an average altitude of 500 m asl.","Evergreen mediterranean woods, maquis and grassland",2023-09-12T14:11:45.000Z,2026-04-22T11:27:38.000Z,0101000020E6100000E868B7D2BA6FEDBF7F5BD6EA98504340,"c(-0.919888888888889, 38.6296666666667)"
58684,37,Charcoal,number,,>150 µm,3,2024-05-15T11:26:20.000Z,2024-05-15T11:26:20.000Z,European Pollen Database,NA,https://epdweblog.org/,2013-09-30T14:02:35.000Z,2024-06-05T00:01:30.000Z,NA,macrocharcoal,2019-12-09T20:41:32.000Z,2019-12-09T20:41:32.000Z,42248,37,PdP2014_charcoal,NA,2024-05-15T11:26:18.000Z,2024-05-15T11:26:18.000Z,NA,PDP2014,30986,3,198,PdP2014,2014-12-15T00:00:00.000Z,Mechanical rotary drilling machine (TP-50/D),NA,NA,NA,NA,NA,NA,NA,NA,Lowest part of the Vall d'en Bas valley,NA,2024-05-03T08:42:15.000Z,2024-05-03T08:42:15.000Z,Pla de les Preses,2.4574,42.1569388888889,444,NA,Former lacustrine. Physiography: plain in basin. Surrounding vegetation: crop fields and Quercus forest.,NA,2024-05-03T08:42:09.000Z,2026-04-22T11:27:38.000Z,0101000020E6100000F085C954C1A80340CC9FD19216144540,"c(2.4574, 42.1569388888889)"
66077,16,Charcoal,count,,>150 µm,11,2025-09-20T04:24:18.000Z,2025-09-20T04:24:18.000Z,Neotoma,44,http://www.neotomadb.org/,2013-09-30T14:02:35.000Z,2013-09-30T14:02:35.000Z,NA,charcoal,2013-09-30T14:02:44.000Z,2013-09-30T14:02:44.000Z,49028,16,NA,NA,2025-09-20T04:24:16.000Z,2025-09-20T04:24:16.000Z,NA,LGAMELIA,36533,3,59,LAE,2012-06-01T00:00:00.000Z,Percussion corer (5 cm diameter),NA,NA,NA,NA,NA,NA,NA,NA,Edge of the lagoon,NA,2025-09-20T04:12:54.000Z,2025-09-20T04:12:54.000Z,Lagoa Amélia,6.60841666666667,0.279111111111111,1340,NA,"Volcanic caldera that contains a palustrine wetland. Surrounding vegetation: The flora in the study site included the shrubs Myrsine melanophloeos and the endemics Leea tinctoria and Heteradelphia paulowilhelmia, but was dominated by herbs, such as grasses (e.g., Panicum hochstetteri and Oplismenus hirtellus), ferns (e.g., Nephrolepis cordifolia var. pumicicola and Lepisorus excavates), lycophytes (e.g., Lycopodiella cernua), begonias (e.g., the endemics Begonia crateris and B. baccata), and orchids (e.g., Sol
enangis clavata, and the endemics Rhipidoglossum brevifolium and Dinklageella scandens). Other flora included the climbers (e.g., Anthocleista scandens), the tree fern Alsophila manniana, and the tall native montane 
forest on the inner slopes of the crater. Lagoa Amélia is known as a biodiversity hotspot for ferns.",NA,2025-09-20T04:12:45.000Z,2026-04-22T11:27:38.000Z,0101000020E6100000E0B256C7046F1A4052098BD9F4DCD13F,"c(6.60841666666667, 0.279111111111111)"
61783,16,Charcoal,number,,>200 µm,28,2025-02-10T15:39:19.000Z,2025-02-10T15:39:19.000Z,Alpine Palynological Database,9224,NA,2018-02-16T15:11:14.000Z,2023-01-06T20:32:16.000Z,NA,charcoal,2013-09-30T14:02:44.000Z,2013-09-30T14:02:44.000Z,44875,16,LV1 charcoal,NA,2025-02-10T15:39:16.000Z,2025-02-10T15:39:16.000Z,NA,LVC18_S1,33133,3,24,Lake Victoria LV1,2018-10-01T00:00:00.000Z,UWITEC piston corer,NA,NA,NA,NA,37,NA,NA,NA,NA,NA,2025-02-10T15:39:05.000Z,2025-02-10T15:39:05.000Z,Lake Victoria (Shirati Bay) LV1,33.9191,-1.11523333333333,1135,6880000,NA,NA,2025-02-10T15:39:00.000Z,2026-04-22T11:27:38.000Z,0101000020E610000076E09C11A5F54040253661E8FED7F1BF,"c(33.9191, -1.11523333333333)"
61785,16,Charcoal,number,,>200 µm,28,2025-02-10T15:51:39.000Z,2025-02-10T15:51:39.000Z,Alpine Palynological Database,9224,NA,2018-02-16T15:11:14.000Z,2023-01-06T20:32:16.000Z,NA,charcoal,2013-09-30T14:02:44.000Z,2013-09-30T14:02:44.000Z,44876,16,LV2 charcoal,NA,2025-02-10T15:51:36.000Z,2025-02-10T15:51:36.000Z,NA,LVC18_S2,33134,3,24,Lake Victoria LV2,2018-10-01T00:00:00.000Z,UWITEC piston corer,NA,NA,NA,NA,22.6,NA,NA,NA,NA,NA,2025-02-10T15:51:25.000Z,2025-02-10T15:51:25.000Z,Lake Victoria (Shirati Bay) LV2,33.9463333333333,-1.13083333333333,1135,6880000,NA,NA,2025-02-10T15:51:21.000Z,2026-04-22T11:27:38.000Z,0101000020E6100000FEE35E7321F94040094B7EB1E417F2BF,"c(33.9463333333333, -1.13083333333333)"
61787,16,Charcoal,number,,>200 µm,28,2025-02-10T15:55:03.000Z,2025-02-10T15:55:03.000Z,Alpine Palynological Database,9224,NA,2018-02-16T15:11:14.000Z,2023-01-06T20:32:16.000Z,NA,charcoal,2013-09-30T14:02:44.000Z,2013-09-30T14:02:44.000Z,44877,16,LV4 charcoal,IMPORTANT: 'Charcoal' means the total charcoal embracing grass or graminoid charcoal and wood charcoal.,2025-02-10T15:55:00.000Z,2025-02-10T15:55:00.000Z,NA,LVC18_S4,33135,3,24,Lake Victoria LV4,2018-10-01T00:00:00.000Z,UWITEC piston corer,NA,NA,NA,NA,63,NA,NA,NA,30 km away from the shore in the Shirati Bay,NA,2025-02-10T15:54:49.000Z,2025-02-10T15:54:49.000Z,Lake Victoria (Shirati Bay) LV4,33.7961333333333,-1.04943333333333,1135,6880000,NA,NA,2025-02-10T15:54:45.000Z,2026-04-22T11:27:38.000Z,0101000020E610000004F672B2E7E5404093FB5F9B7ACAF0BF,"c(33.7961333333333, -1.04943333333333)"
48755,36,Charcoal,fragments/ml,,10-50 µm,33,2020-11-13T04:49:14.000Z,2020-11-13T04:49:14.000Z,Neotoma Charcoal Data,NA,NA,2019-02-01T21:14:58.000Z,2019-02-01T21:14:58.000Z,NA,microcharcoal,2019-12-09T20:41:26.000Z,2019-12-09T20:41:26.000Z,35120,36,NA,NA,2020-11-13T04:49:12.000Z,2020-11-13T04:49:12.000Z,NA,CALDERIL,27254,3,178,CAL1,2013-01-02T00:00:00.000Z,NA,27.962472222,-15.55242777777,NA,NA,NA,NA,NA,NA,NA,Site was dry when cored.,2020-11-13T04:49:04.000Z,2025-02-20T18:32:12.000Z,La Calderilla,-15.553395,27.96268,1767,NA,Dry caldera located within the high-elevation belt of Gran Canaria. La Calderilla volcanic complex is located at uppermost peaks in the centre of Gran Canaria Island and it is composed of a strombolian cone and phreatomagmatic maar ~200 m in diameter. The site is located in a belt of Pinus canariensis forest.,NA,2020-11-13T04:49:03.000Z,2026-04-22T11:27:38.000Z,0101000020E6100000338AE596561B2FC066834C3272F63B40,"c(-15.553395, 27.96268)"
46840,36,Charcoal,number,,<150 µm,2,2020-02-13T08:45:49.000Z,2020-02-13T08:45:49.000Z,African Pollen Database,6414,https://africanpollendatabase.ipsl.fr/#/home,2013-09-30T14:02:35.000Z,2023-04-11T18:59:59.000Z,NA,microcharcoal,2019-12-09T20:41:26.000Z,2019-12-09T20:41:26.000Z,33442,36,NA,NA,2020-02-13T08:45:40.000Z,2020-02-13T08:45:40.000Z,NA,MALAHLAPAN,26755,3,24,Malahlapanga,NA,Russian Corer,-22.8888888888889,31.0405,NA,NA,NA,34,NA,NA,NA,Pan associated with peat beds,2020-02-13T08:45:10.000Z,2025-02-26T16:50:26.000Z,Malahlapanga,31.0405,-22.8888888888889,367,NA,"Spring-fed sediment basins, smaller than 50 m in diameter. Spring-fed.",NA,2020-02-13T08:45:03.000Z,2026-04-22T11:27:38.000Z,0101000020E6100000EE7C3F355E0A3F403C8EE3388EE336C0,"c(31.0405, -22.8888888888889)"
52226,37,Charcoal,NISP,,>160 µm,3,2021-11-23T11:24:15.000Z,2021-11-23T11:24:15.000Z,European Pollen Database,NA,https://epdweblog.org/,2013-09-30T14:02:35.000Z,2024-06-05T00:01:30.000Z,NA,macrocharcoal,2019-12-09T20:41:32.000Z,2019-12-09T20:41:32.000Z,37996,37,BG-FH1_char,NA,2021-11-23T11:24:12.000Z,2021-11-23T11:24:12.000Z,NA,BGFH1,28147,3,49,Biogradska Gora Forest Hollow #1,2017-01-09T00:00:00.000Z,Russian-type corer (1m x 8cm),NA,NA,NA,NA,0.05,NA,NA,NA,near to the centre of the basin,Two parallel and overlapping cores were used to build a master core.,2021-11-23T10:13:31.000Z,2021-11-23T10:13:31.000Z,Biogradsko Forest Hollow #1,19.60225,42.90155,1202,NA,Forest hollow in a beech-dominated forest area at the outer edge of a fir-beech-spruce old-growth forest.,NA,2021-11-23T10:13:29.000Z,2026-04-22T11:27:38.000Z,0101000020E61000001904560E2D9A3340BADA8AFD65734540,"c(19.60225, 42.90155)"
47572,36,Charcoal,fragments/ml,,10-250 µm,33,2020-05-08T02:27:07.000Z,2020-05-08T02:27:07.000Z,Neotoma Charcoal Data,NA,NA,2019-02-01T21:14:58.000Z,2019-02-01T21:14:58.000Z,NA,microcharcoal,2019-12-09T20:41:26.000Z,2019-12-09T20:41:26.000Z,32063,36,NA,NA,2020-05-08T02:27:05.000Z,2020-05-08T02:27:05.000Z,NA,VALDECON,26050,3,61,Arroyo de Valdeconejos,2014-01-01T00:00:00.000Z,Russian peat sampler,NA,NA,NA,NA,NA,NA,NA,NA,NA,Local vegetation: mire.,2019-07-25T13:02:41.000Z,2019-07-25T13:02:41.000Z,Arroyo de Valdeconejos,-4.06103,40.86104,1368,NA,Small mire lying in an open ridge. Physiography: Mountain. Surrounding vegetation: Pinus sylvestris & pyrenaica ecotome.,NA,2019-07-25T13:02:39.000Z,2026-04-22T11:27:38.000Z,0101000020E6100000AD4CF8A57E3E10C02046088F366E4440,"c(-4.06103, 40.86104)"
57877,36,Carbonized particle,NISP,,>100 µm,3,2023-12-12T08:11:43.000Z,2023-12-12T08:11:43.000Z,European Pollen Database,NA,https://epdweblog.org/,2013-09-30T14:02:35.000Z,2024-06-05T00:01:30.000Z,NA,microcharcoal,2019-12-09T20:41:26.000Z,2019-12-09T20:41:26.000Z,41664,36,PHLmicrocharcoal,"Data contributed by Ramezani, E. to the EPD/Neotoma.",2023-12-12T08:11:39.000Z,2023-12-12T08:11:39.000Z,NA,PHL,30521,3,61,PHL core,2008-08-01T00:00:00.000Z,semicylindrical chamber corer (Russian corer). Diametre:5cm.,NA,NA,NA,NA,NA,NA,NA,NA,centre of the basin,"Carex acutiformis, Lythrum salicaria, Thelypteris  palustris, Hypericum tetrapterum, Juncus sp., Athyrium filix-femina, Urtica dioica, Rubus hirtus, Carex pendula,
Equisetum cf. telmateia, Scutellaria cf. galericulata, Phragmites australi, Glyceria plicata, Geranium robertianum, Matteuccia struthiopteris and
Dryopteris dilatata.",2023-12-12T08:11:27.000Z,2023-12-12T08:11:27.000Z,Pay Hassal mire,51.4169444444444,36.5202777777778,1312,NA,Mire. Physiography: basin. Surrounding vegetation: Fagus orientalis-Carpinus betulus vegetation belt of the Hyrcanian forests.,NA,2023-12-12T08:11:22.000Z,2026-04-22T11:27:38.000Z,0101000020E61000009C91806F5EB549401332547698424240,"c(51.4169444444444, 36.5202777777778)"
53355,3,Charcoal (dark),NISP,,>125 µm,2,2022-05-16T15:38:18.000Z,2022-05-16T15:38:18.000Z,African Pollen Database,6414,https://africanpollendatabase.ipsl.fr/#/home,2013-09-30T14:02:35.000Z,2023-04-11T18:59:59.000Z,NA,pollen,2013-09-30T14:02:44.000Z,2013-09-30T14:02:44.000Z,38644,3,Na-1B,NA,2022-05-16T15:38:18.000Z,2022-05-16T15:38:18.000Z,NA,NAMONTE,28541,3,24,Na-1B,NA,Mud-water interface piston-corer,-22.12513,43.40634,30,NA,NA,NA,NA,NA,NA,NA,2022-05-16T15:38:16.000Z,2022-05-16T15:38:16.000Z,Namonte,43.40634,-22.12513,8,NA,"Mosaic of wooded grasslands, dry deciduous and riverine forests, and mangroves that grow near estuaries. Dry deciduous forest dominated by Didiereaceae, Adansonia fony, Euphorbia spp., and Pachypodium geayi",NA,2022-05-16T15:38:15.000Z,2026-04-22T11:27:38.000Z,0101000020E61000004087F9F202B445409CBF0985082036C0,"c(43.40634, -22.12513)"
